0,,
1,<script type="text/javascript" charset="UTF-8" src="http://www.samuraiclick.com/js/url.js"></script><a href="http://sports.williamhill.com/bet/ja" onclick="return samurai_lps('783','72536','31','18667');"><img src="http://www.samuraiclick.com/ads?bid=783&tid=72536&lid=31" /></a>
2,<script type="text/javascript" charset="UTF-8" src="http://www.samuraiclick.com/js/url.js"></script><a href="http://sports.williamhill.com/bet/ja" onclick="return samurai_lps('751','72536','31','18667');"><img src="http://www.samuraiclick.com/ads?bid=751&tid=72536&lid=31" /></a>
3,<script type="text/javascript" charset="UTF-8" src="http://www.samuraiclick.com/js/url.js"></script><a href="http://sports.williamhill.com/bet/ja" onclick="return samurai_lps('781','72536','31','18667');"><img src="http://www.samuraiclick.com/ads?bid=781&tid=72536&lid=31" /></a>
4,<script type="text/javascript" charset="UTF-8" src="http://www.samuraiclick.com/js/url.js"></script><a href="http://sports.williamhill.com/bet/ja" onclick="return samurai_lps('777','72536','31','18667');"><img src="http://www.samuraiclick.com/ads?bid=777&tid=72536&lid=31" /></a>
5,<script type="text/javascript" charset="UTF-8" src="http://www.samuraiclick.com/js/url.js"></script><a href="http://sports.williamhill.com/bet/ja" onclick="return samurai_lps('775','72536','31','18667');"><img src="http://www.samuraiclick.com/ads?bid=775&tid=72536&lid=31" /></a>
6,<script type="text/javascript" charset="UTF-8" src="http://www.samuraiclick.com/js/url.js"></script><a href="http://sports.williamhill.com/bet/ja" onclick="return samurai_lps('765','72536','31','18667');"><img src="http://www.samuraiclick.com/ads?bid=765&tid=72536&lid=31" /></a>
7,<script type="text/javascript" charset="UTF-8" src="http://www.samuraiclick.com/js/url.js"></script><a href="http://sports.williamhill.com/bet/ja" onclick="return samurai_lps('763','72536','31','18667');"><img src="http://www.samuraiclick.com/ads?bid=763&tid=72536&lid=31" /></a>
8,<script type="text/javascript" charset="UTF-8" src="http://www.samuraiclick.com/js/url.js"></script><a href="http://sports.williamhill.com/bet/ja" onclick="return samurai_lps('759','72536','31','18667');"><img src="http://www.samuraiclick.com/ads?bid=759&tid=72536&lid=31" /></a>
9,<script type="text/javascript" charset="UTF-8" src="http://www.samuraiclick.com/js/url.js"></script><a href="http://sports.williamhill.com/bet/ja" onclick="return samurai_lps('757','72536','31','18667');"><img src="http://www.samuraiclick.com/ads?bid=757&tid=72536&lid=31" /></a>
10,<script type="text/javascript" charset="UTF-8" src="http://www.samuraiclick.com/js/url.js"></script><a href="http://sports.williamhill.com/bet/ja" onclick="return samurai_lps('753','72536','31','18667');"><img src="http://www.samuraiclick.com/ads?bid=753&tid=72536&lid=31" /></a>
11,<script type="text/javascript" charset="UTF-8" src="http://www.samuraiclick.com/js/url.js"></script><a href="http://sports.williamhill.com/bet/ja" onclick="return samurai_lps('747','72536','31','18667');"><img src="http://www.samuraiclick.com/ads?bid=747&tid=72536&lid=31" /></a>
12,<script type="text/javascript" charset="UTF-8" src="http://www.samuraiclick.com/js/url.js"></script><a href="http://sports.williamhill.com/bet/ja" onclick="return samurai_lps('746','72536','31','18667');"><img src="http://www.samuraiclick.com/ads?bid=746&tid=72536&lid=31" /></a>
13,<script type="text/javascript" charset="UTF-8" src="http://www.samuraiclick.com/js/url.js"></script><a href="http://sports.williamhill.com/bet/ja" onclick="return samurai_lps('745','72536','31','18667');"><img src="http://www.samuraiclick.com/ads?bid=745&tid=72536&lid=31" /></a>
14,<script type="text/javascript" charset="UTF-8" src="http://www.samuraiclick.com/js/url.js"></script><a href="http://doramahjong.com" onclick="return samurai_lps('740','72535','18','18667');"><img src="http://www.samuraiclick.com/ads?bid=740&tid=72535&lid=18" /></a>
15,<script type="text/javascript" charset="UTF-8" src="http://www.samuraiclick.com/js/url.js"></script><a href="http://doramahjong.com" onclick="return samurai_lps('738','72535','18','18667');"><img src="http://www.samuraiclick.com/ads?bid=738&tid=72535&lid=18" /></a>
16,<script type="text/javascript" charset="UTF-8" src="http://www.samuraiclick.com/js/url.js"></script><a href="http://doramahjong.com" onclick="return samurai_lps('734','72535','18','18667');"><img src="http://www.samuraiclick.com/ads?bid=734&tid=72535&lid=18" /></a>
17,<script type="text/javascript" charset="UTF-8" src="http://www.samuraiclick.com/js/url.js"></script><a href="http://doramahjong.com" onclick="return samurai_lps('732','72535','18','18667');"><img src="http://www.samuraiclick.com/ads?bid=732&tid=72535&lid=18" /></a>
18,<script type="text/javascript" charset="UTF-8" src="http://www.samuraiclick.com/js/url.js"></script><a href="http://doramahjong.com" onclick="return samurai_lps('728','72535','18','18667');"><img src="http://www.samuraiclick.com/ads?bid=728&tid=72535&lid=18" /></a>
19,<script type="text/javascript" charset="UTF-8" src="http://www.samuraiclick.com/js/url.js"></script><a href="http://doramahjong.com" onclick="return samurai_lps('726','72535','18','18667');"><img src="http://www.samuraiclick.com/ads?bid=726&tid=72535&lid=18" /></a>
20,<script type="text/javascript" charset="UTF-8" src="http://www.samuraiclick.com/js/url.js"></script><a href="http://www.wildjunglecasino.com" onclick="return samurai_lps('693','72534','3','18667');"><img src="http://www.samuraiclick.com/ads?bid=693&tid=72534&lid=3" /></a>
21,<script type="text/javascript" charset="UTF-8" src="http://www.samuraiclick.com/js/url.js"></script><a href="http://www.wildjunglecasino.com" onclick="return samurai_lps('691','72534','3','18667');"><img src="http://www.samuraiclick.com/ads?bid=691&tid=72534&lid=3" /></a>
22,<script type="text/javascript" charset="UTF-8" src="http://www.samuraiclick.com/js/url.js"></script><a href="http://verajohn.com" onclick="return samurai_lps('687','72539','34','18667');"><img src="http://www.samuraiclick.com/ads?bid=687&tid=72539&lid=34" /></a>
23,<script type="text/javascript" charset="UTF-8" src="http://www.samuraiclick.com/js/url.js"></script><a href="http://verajohn.com" onclick="return samurai_lps('684','72539','34','18667');"><img src="http://www.samuraiclick.com/ads?bid=684&tid=72539&lid=34" /></a>
24,<script type="text/javascript" charset="UTF-8" src="http://www.samuraiclick.com/js/url.js"></script><a href="http://verajohn.com" onclick="return samurai_lps('680','72539','34','18667');"><img src="http://www.samuraiclick.com/ads?bid=680&tid=72539&lid=34" /></a>
25,<script type="text/javascript" charset="UTF-8" src="http://www.samuraiclick.com/js/url.js"></script><a href="http://verajohn.com" onclick="return samurai_lps('678','72539','34','18667');"><img src="http://www.samuraiclick.com/ads?bid=678&tid=72539&lid=34" /></a>
26,<script type="text/javascript" charset="UTF-8" src="http://www.samuraiclick.com/js/url.js"></script><a href="http://smartoption.jp" onclick="return samurai_lps('623','72538','33','18667');"><img src="http://www.samuraiclick.com/ads?bid=623&tid=72538&lid=33" /></a>
27,<script type="text/javascript" charset="UTF-8" src="http://www.samuraiclick.com/js/url.js"></script><a href="http://smartoption.jp" onclick="return samurai_lps('621','72538','33','18667');"><img src="http://www.samuraiclick.com/ads?bid=621&tid=72538&lid=33" /></a>
28,<script type="text/javascript" charset="UTF-8" src="http://www.samuraiclick.com/js/url.js"></script><a href="http://www.omnicasino.com/jp/" onclick="return samurai_lps('590','72537','32','18667');"><img src="http://www.samuraiclick.com/ads?bid=590&tid=72537&lid=32" /></a>